tcas,v1,13,5,5,2020-04-13 13:52:11.154186,2020-04-13 13:52:33.013860,0:00:21.859674,1476,132,100,100
tcas,v1,13,9,9,2020-04-13 13:52:37.791011,2020-04-13 13:52:41.380467,0:00:03.589456,1476,132,100,100
tcas,v1,13,13,13,2020-04-13 13:52:46.343346,2020-04-13 13:52:49.950705,0:00:03.607359,1476,132,100,100
tcas,v1,13,24,24,2020-04-13 13:52:52.883139,2020-04-13 13:52:56.494422,0:00:03.611283,1476,132,100,100
tcas,v1,13,8,8,2020-04-13 13:52:58.971195,2020-04-13 13:53:02.544742,0:00:03.573547,1476,132,100,100
tcas,v1,13,17,17,2020-04-13 13:53:04.849959,2020-04-13 13:53:08.483453,0:00:03.633494,1476,132,100,100
tcas,v1,13,8,8,2020-04-13 13:53:10.981505,2020-04-13 13:53:14.546767,0:00:03.565262,1476,132,100,100
tcas,v1,13,32,32,2020-04-13 13:53:16.896048,2020-04-13 13:53:20.498488,0:00:03.602440,1476,132,100,100
tcas,v1,13,17,17,2020-04-13 13:53:22.631688,2020-04-13 13:53:26.269235,0:00:03.637547,1476,132,100,100
tcas,v1,13,25,25,2020-04-13 13:53:28.191031,2020-04-13 13:53:31.745678,0:00:03.554647,1476,132,100,100
tcas,v2,9,15,15,2020-04-13 14:08:52.537840,2020-04-13 14:08:56.213140,0:00:03.675300,1539,69,100,100
tcas,v2,9,16,16,2020-04-13 14:09:12.510075,2020-04-13 14:09:16.382153,0:00:03.872078,1539,69,100,100
tcas,v2,9,16,16,2020-04-13 14:09:18.342186,2020-04-13 14:09:21.996008,0:00:03.653822,1539,69,100,100
tcas,v2,9,24,24,2020-04-13 14:09:23.890937,2020-04-13 14:09:27.550360,0:00:03.659423,1539,69,100,100
tcas,v2,9,18,18,2020-04-13 14:09:29.876490,2020-04-13 14:09:33.590550,0:00:03.714060,1539,69,100,100
tcas,v2,9,2,2,2020-04-13 14:09:35.090394,2020-04-13 14:09:38.756965,0:00:03.666571,1539,69,100,100
tcas,v2,9,7,7,2020-04-13 14:09:40.363351,2020-04-13 14:09:44.017070,0:00:03.653719,1539,69,100,100
tcas,v2,9,18,18,2020-04-13 14:09:45.585626,2020-04-13 14:09:49.234634,0:00:03.649008,1539,69,100,100
tcas,v2,9,19,19,2020-04-13 14:09:50.775068,2020-04-13 14:09:54.426060,0:00:03.650992,1539,69,100,100
tcas,v2,9,12,12,2020-04-13 14:09:56.052262,2020-04-13 14:09:59.756319,0:00:03.704057,1539,69,100,100
tcas,v3,29,65,65,2020-04-13 14:11:27.948562,2020-04-13 14:11:31.623194,0:00:03.674632,1585,23,100,100
tcas,v3,29,59,59,2020-04-13 14:11:33.630225,2020-04-13 14:11:37.300358,0:00:03.670133,1585,23,100,100
tcas,v3,29,31,31,2020-04-13 14:11:39.931503,2020-04-13 14:11:43.563467,0:00:03.631964,1585,23,100,100
tcas,v3,29,61,61,2020-04-13 14:11:44.897112,2020-04-13 14:11:48.527832,0:00:03.630720,1585,23,100,100
tcas,v3,29,40,40,2020-04-13 14:11:50.126566,2020-04-13 14:11:53.790141,0:00:03.663575,1585,23,100,100
tcas,v3,29,48,48,2020-04-13 14:11:55.096230,2020-04-13 14:11:58.736820,0:00:03.640590,1585,23,100,100
tcas,v3,29,47,47,2020-04-13 14:12:00.261389,2020-04-13 14:12:03.854772,0:00:03.593383,1585,23,100,100
tcas,v3,29,34,34,2020-04-13 14:12:05.375998,2020-04-13 14:12:09.216713,0:00:03.840715,1585,23,100,100
tcas,v3,29,57,57,2020-04-13 14:12:24.849373,2020-04-13 14:12:28.699785,0:00:03.850412,1585,23,100,100
tcas,v3,29,62,62,2020-04-13 14:12:31.012947,2020-04-13 14:12:34.839491,0:00:03.826544,1585,23,100,100
tcas,v4,14,27,27,2020-04-13 14:23:07.336633,2020-04-13 14:23:11.252449,0:00:03.915816,1584,24,100,100
tcas,v4,14,4,4,2020-04-13 14:23:12.017155,2020-04-13 14:23:15.631290,0:00:03.614135,1584,24,100,100
tcas,v4,14,35,35,2020-04-13 14:23:16.311426,2020-04-13 14:23:19.857723,0:00:03.546297,1584,24,100,100
tcas,v4,14,20,20,2020-04-13 14:23:20.550876,2020-04-13 14:23:24.641964,0:00:04.091088,1584,24,100,100
tcas,v4,14,7,7,2020-04-13 14:23:25.447351,2020-04-13 14:23:31.108189,0:00:05.660838,1584,24,100,100
tcas,v4,14,20,20,2020-04-13 14:23:31.799715,2020-04-13 14:23:35.668968,0:00:03.869253,1584,24,100,100
tcas,v4,14,3,3,2020-04-13 14:23:36.334198,2020-04-13 14:23:39.713933,0:00:03.379735,1584,24,100,100
tcas,v4,14,9,9,2020-04-13 14:23:40.379711,2020-04-13 14:23:43.653287,0:00:03.273576,1584,24,100,100
tcas,v4,14,39,39,2020-04-13 14:23:44.318592,2020-04-13 14:23:47.981296,0:00:03.662704,1584,24,100,100
tcas,v4,14,8,8,2020-04-13 14:23:48.653091,2020-04-13 14:23:51.960793,0:00:03.307702,1584,24,100,100
tcas,v5,27,25,25,2020-04-13 14:23:52.618740,2020-04-13 14:23:55.990350,0:00:03.371610,1598,10,100,100
tcas,v5,27,57,57,2020-04-13 14:23:56.649509,2020-04-13 14:24:00.065256,0:00:03.415747,1598,10,100,100
tcas,v5,27,38,38,2020-04-13 14:24:00.727562,2020-04-13 14:24:04.083629,0:00:03.356067,1598,10,100,100
tcas,v5,27,36,36,2020-04-13 14:24:04.748159,2020-04-13 14:24:08.029870,0:00:03.281711,1598,10,100,100
tcas,v5,27,62,62,2020-04-13 14:24:08.704159,2020-04-13 14:24:12.011113,0:00:03.306954,1598,10,100,100
tcas,v5,27,56,56,2020-04-13 14:24:12.671790,2020-04-13 14:24:16.131831,0:00:03.460041,1598,10,100,100
tcas,v5,27,24,24,2020-04-13 14:24:16.792835,2020-04-13 14:24:20.210717,0:00:03.417882,1598,10,100,100
tcas,v5,27,57,57,2020-04-13 14:24:20.870372,2020-04-13 14:24:24.155601,0:00:03.285229,1598,10,100,100
tcas,v5,27,37,37,2020-04-13 14:24:24.819445,2020-04-13 14:24:28.184048,0:00:03.364603,1598,10,100,100
tcas,v5,27,52,52,2020-04-13 14:24:28.908214,2020-04-13 14:24:32.682016,0:00:03.773802,1598,10,100,100
tcas,v6,23,11,11,2020-04-13 14:24:33.397600,2020-04-13 14:24:37.234955,0:00:03.837355,1596,12,100,100
tcas,v6,23,24,24,2020-04-13 14:24:37.939785,2020-04-13 14:24:43.250242,0:00:05.310457,1596,12,100,100
tcas,v6,23,46,46,2020-04-13 14:24:44.305529,2020-04-13 14:24:50.003084,0:00:05.697555,1596,12,100,100
tcas,v6,23,13,13,2020-04-13 14:24:50.834644,2020-04-13 14:24:57.010840,0:00:06.176196,1596,12,100,100
tcas,v6,23,17,17,2020-04-13 14:24:58.052350,2020-04-13 14:25:04.716050,0:00:06.663700,1596,12,100,100
tcas,v6,23,35,35,2020-04-13 14:25:05.404874,2020-04-13 14:25:08.880856,0:00:03.475982,1596,12,100,100
tcas,v6,23,17,17,2020-04-13 14:25:09.549609,2020-04-13 14:25:13.567342,0:00:04.017733,1596,12,100,100
tcas,v6,23,18,18,2020-04-13 14:25:14.243670,2020-04-13 14:25:18.425408,0:00:04.181738,1596,12,100,100
tcas,v6,23,10,10,2020-04-13 14:25:19.077299,2020-04-13 14:25:25.633905,0:00:06.556606,1596,12,100,100
tcas,v6,23,10,10,2020-04-13 14:25:26.319762,2020-04-13 14:25:29.879468,0:00:03.559706,1596,12,100,100
tcas,v7,2,52,52,2020-04-13 14:25:30.555987,2020-04-13 14:25:34.883566,0:00:04.327579,1572,36,100,100
tcas,v7,2,42,42,2020-04-13 14:25:35.563636,2020-04-13 14:25:38.938700,0:00:03.375064,1572,36,100,100
tcas,v7,2,38,38,2020-04-13 14:25:39.612878,2020-04-13 14:25:47.520892,0:00:07.908014,1572,36,100,100
tcas,v7,2,34,34,2020-04-13 14:25:48.505941,2020-04-13 14:25:52.615904,0:00:04.109963,1572,36,100,100
tcas,v7,2,57,57,2020-04-13 14:25:53.440790,2020-04-13 14:25:57.546415,0:00:04.105625,1572,36,100,100
tcas,v7,2,42,42,2020-04-13 14:25:58.268029,2020-04-13 14:26:03.017734,0:00:04.749705,1572,36,100,100
tcas,v7,2,53,53,2020-04-13 14:26:03.691227,2020-04-13 14:26:07.049607,0:00:03.358380,1572,36,100,100
tcas,v7,2,48,48,2020-04-13 14:26:07.725585,2020-04-13 14:26:11.279489,0:00:03.553904,1572,36,100,100
tcas,v7,2,38,38,2020-04-13 14:26:11.949850,2020-04-13 14:26:16.246609,0:00:04.296759,1572,36,100,100
tcas,v7,2,40,40,2020-04-13 14:26:16.933758,2020-04-13 14:26:20.553406,0:00:03.619648,1572,36,100,100
tcas,v8,4,61,61,2020-04-13 14:26:21.226379,2020-04-13 14:26:24.589845,0:00:03.363466,1607,1,100,100
tcas,v8,4,57,57,2020-04-13 14:26:25.253352,2020-04-13 14:26:28.621733,0:00:03.368381,1607,1,100,100
tcas,v8,4,58,58,2020-04-13 14:26:29.286884,2020-04-13 14:26:32.635092,0:00:03.348208,1607,1,100,100
tcas,v8,4,41,41,2020-04-13 14:26:33.305660,2020-04-13 14:26:36.639868,0:00:03.334208,1607,1,100,100
tcas,v8,4,42,42,2020-04-13 14:26:37.308733,2020-04-13 14:26:40.622542,0:00:03.313809,1607,1,100,100
tcas,v8,4,63,63,2020-04-13 14:26:41.292736,2020-04-13 14:26:45.092080,0:00:03.799344,1607,1,100,100
tcas,v8,4,49,49,2020-04-13 14:26:45.796523,2020-04-13 14:26:49.255728,0:00:03.459205,1607,1,100,100
tcas,v8,4,51,51,2020-04-13 14:26:49.929153,2020-04-13 14:26:54.950291,0:00:05.021138,1607,1,100,100
tcas,v8,4,59,59,2020-04-13 14:26:56.136615,2020-04-13 14:27:00.967770,0:00:04.831155,1607,1,100,100
tcas,v8,4,26,26,2020-04-13 14:27:01.668584,2020-04-13 14:27:05.124572,0:00:03.455988,1607,1,100,100
tcas,v9,17,42,42,2020-04-13 14:27:05.820242,2020-04-13 14:27:09.812625,0:00:03.992383,1599,9,100,100
tcas,v9,17,25,25,2020-04-13 14:27:10.485034,2020-04-13 14:27:13.938757,0:00:03.453723,1599,9,100,100
tcas,v9,17,21,21,2020-04-13 14:27:14.614833,2020-04-13 14:27:17.915330,0:00:03.300497,1599,9,100,100
tcas,v9,17,15,15,2020-04-13 14:27:18.596399,2020-04-13 14:27:21.924019,0:00:03.327620,1599,9,100,100
tcas,v9,17,22,22,2020-04-13 14:27:22.591592,2020-04-13 14:27:25.935710,0:00:03.344118,1599,9,100,100
tcas,v9,17,42,42,2020-04-13 14:27:26.609412,2020-04-13 14:27:30.088706,0:00:03.479294,1599,9,100,100
tcas,v9,17,10,10,2020-04-13 14:27:30.760150,2020-04-13 14:27:34.077366,0:00:03.317216,1599,9,100,100
tcas,v9,17,26,26,2020-04-13 14:27:34.754265,2020-04-13 14:27:38.117162,0:00:03.362897,1599,9,100,100
tcas,v9,17,18,18,2020-04-13 14:27:38.786979,2020-04-13 14:27:42.116963,0:00:03.329984,1599,9,100,100
tcas,v9,17,19,19,2020-04-13 14:27:42.786308,2020-04-13 14:27:46.119013,0:00:03.332705,1599,9,100,100
tcas,v10,23,11,11,2020-04-13 14:27:46.792391,2020-04-13 14:27:50.228629,0:00:03.436238,1594,14,100,100
tcas,v10,23,21,21,2020-04-13 14:27:50.903699,2020-04-13 14:27:54.317247,0:00:03.413548,1594,14,100,100
tcas,v10,23,7,7,2020-04-13 14:27:54.989103,2020-04-13 14:27:58.363644,0:00:03.374541,1594,14,100,100
tcas,v10,23,25,25,2020-04-13 14:27:59.029518,2020-04-13 14:28:02.434050,0:00:03.404532,1594,14,100,100
tcas,v10,23,31,31,2020-04-13 14:28:03.105288,2020-04-13 14:28:06.483938,0:00:03.378650,1594,14,100,100
tcas,v10,23,24,24,2020-04-13 14:28:07.152553,2020-04-13 14:28:10.439929,0:00:03.287376,1594,14,100,100
tcas,v10,23,53,53,2020-04-13 14:28:11.108090,2020-04-13 14:28:14.441817,0:00:03.333727,1594,14,100,100
tcas,v10,23,24,24,2020-04-13 14:28:15.110791,2020-04-13 14:28:18.363019,0:00:03.252228,1594,14,100,100
tcas,v10,23,46,46,2020-04-13 14:28:19.036730,2020-04-13 14:28:22.343023,0:00:03.306293,1594,14,100,100
tcas,v10,23,15,15,2020-04-13 14:28:23.015984,2020-04-13 14:28:26.274523,0:00:03.258539,1594,14,100,100
tcas,v10_1,24,13,13,2020-04-13 14:28:26.947430,2020-04-13 14:28:30.252332,0:00:03.304902,1596,12,100,100
tcas,v10_1,24,32,32,2020-04-13 14:28:30.924530,2020-04-13 14:28:34.208418,0:00:03.283888,1596,12,100,100
tcas,v10_1,24,14,14,2020-04-13 14:28:34.881548,2020-04-13 14:28:38.126421,0:00:03.244873,1596,12,100,100
tcas,v10_1,24,20,20,2020-04-13 14:28:38.801498,2020-04-13 14:28:42.176666,0:00:03.375168,1596,12,100,100
tcas,v10_1,24,29,29,2020-04-13 14:28:42.844102,2020-04-13 14:28:46.191362,0:00:03.347260,1596,12,100,100
tcas,v10_1,24,8,8,2020-04-13 14:28:46.868012,2020-04-13 14:28:50.257526,0:00:03.389514,1596,12,100,100
tcas,v10_1,24,19,19,2020-04-13 14:28:50.929157,2020-04-13 14:28:54.247666,0:00:03.318509,1596,12,100,100
tcas,v10_1,24,7,7,2020-04-13 14:28:54.929017,2020-04-13 14:28:58.323408,0:00:03.394391,1596,12,100,100
tcas,v10_1,24,7,7,2020-04-13 14:28:58.992766,2020-04-13 14:29:02.358806,0:00:03.366040,1596,12,100,100
tcas,v10_1,24,12,12,2020-04-13 14:29:03.030317,2020-04-13 14:29:06.387693,0:00:03.357376,1596,12,100,100
tcas,v10_2,26,57,57,2020-04-13 14:29:07.060481,2020-04-13 14:29:11.195939,0:00:04.135458,1608,0,100,100
tcas,v10_2,26,63,63,2020-04-13 14:29:11.887133,2020-04-13 14:29:15.514890,0:00:03.627757,1608,0,100,100
tcas,v10_2,26,49,50,2020-04-13 14:29:16.228729,2020-04-13 14:29:19.865252,0:00:03.636523,1608,0,100,100
tcas,v10_2,26,38,38,2020-04-13 14:29:20.585924,2020-04-13 14:29:24.282226,0:00:03.696302,1608,0,100,100
tcas,v10_2,26,65,65,2020-04-13 14:29:24.980119,2020-04-13 14:29:28.639097,0:00:03.658978,1608,0,100,100
tcas,v10_2,26,32,32,2020-04-13 14:29:29.344810,2020-04-13 14:29:33.010145,0:00:03.665335,1608,0,100,100
tcas,v10_2,26,52,52,2020-04-13 14:29:33.712922,2020-04-13 14:29:37.367366,0:00:03.654444,1608,0,100,100
tcas,v10_2,26,59,59,2020-04-13 14:29:38.077691,2020-04-13 14:29:41.774929,0:00:03.697238,1608,0,100,100
tcas,v10_2,26,65,65,2020-04-13 14:29:42.489191,2020-04-13 14:29:46.098026,0:00:03.608835,1608,0,100,100
tcas,v10_2,26,29,29,2020-04-13 14:29:46.800327,2020-04-13 14:29:50.444035,0:00:03.643708,1608,0,100,100
tcas,v11,23,17,17,2020-04-13 14:29:51.150648,2020-04-13 14:29:54.988730,0:00:03.838082,1594,14,100,100
tcas,v11,23,29,29,2020-04-13 14:29:55.700830,2020-04-13 14:29:59.357888,0:00:03.657058,1594,14,100,100
tcas,v11,23,44,44,2020-04-13 14:30:00.075359,2020-04-13 14:30:03.835220,0:00:03.759861,1594,14,100,100
tcas,v11,23,47,47,2020-04-13 14:30:04.546572,2020-04-13 14:30:10.841323,0:00:06.294751,1594,14,100,100
tcas,v11,23,20,20,2020-04-13 14:30:11.817332,2020-04-13 14:30:17.557390,0:00:05.740058,1594,14,100,100
tcas,v11,23,20,20,2020-04-13 14:30:18.314119,2020-04-13 14:30:21.927970,0:00:03.613851,1594,14,100,100
tcas,v11,23,55,55,2020-04-13 14:30:22.607749,2020-04-13 14:30:25.987759,0:00:03.380010,1594,14,100,100
tcas,v11,23,15,15,2020-04-13 14:30:26.660287,2020-04-13 14:30:30.087540,0:00:03.427253,1594,14,100,100
tcas,v11,23,16,16,2020-04-13 14:30:30.752824,2020-04-13 14:30:34.062455,0:00:03.309631,1594,14,100,100
tcas,v11,23,7,7,2020-04-13 14:30:34.729027,2020-04-13 14:30:38.011626,0:00:03.282599,1594,14,100,100
tcas,v11_1,36,34,34,2020-04-13 14:30:38.676854,2020-04-13 14:30:42.089151,0:00:03.412297,1608,0,100,100
tcas,v11_1,36,21,21,2020-04-13 14:30:42.757105,2020-04-13 14:30:46.076911,0:00:03.319806,1608,0,100,100
tcas,v11_1,36,4,4,2020-04-13 14:30:46.747143,2020-04-13 14:30:50.129319,0:00:03.382176,1608,0,100,100
tcas,v11_1,36,15,15,2020-04-13 14:30:50.800324,2020-04-13 14:30:54.114049,0:00:03.313725,1608,0,100,100
tcas,v11_1,36,10,10,2020-04-13 14:30:54.777230,2020-04-13 14:30:58.045903,0:00:03.268673,1608,0,100,100
tcas,v11_1,36,56,56,2020-04-13 14:30:58.714888,2020-04-13 14:31:01.975227,0:00:03.260339,1608,0,100,100
tcas,v11_1,36,30,30,2020-04-13 14:31:02.645889,2020-04-13 14:31:05.957918,0:00:03.312029,1608,0,100,100
tcas,v11_1,36,18,18,2020-04-13 14:31:06.623747,2020-04-13 14:31:10.059210,0:00:03.435463,1608,0,100,100
tcas,v11_1,36,26,26,2020-04-13 14:31:10.726756,2020-04-13 14:31:14.041312,0:00:03.314556,1608,0,100,100
tcas,v11_1,36,13,13,2020-04-13 14:31:14.712917,2020-04-13 14:31:17.967738,0:00:03.254821,1608,0,100,100
tcas,v12,27,58,58,2020-04-13 14:31:18.649482,2020-04-13 14:31:22.007279,0:00:03.357797,1538,70,100,100
tcas,v12,27,37,37,2020-04-13 14:31:22.675808,2020-04-13 14:31:26.019807,0:00:03.343999,1538,70,100,100
tcas,v12,27,60,60,2020-04-13 14:31:26.688073,2020-04-13 14:31:30.111650,0:00:03.423577,1538,70,100,100
tcas,v12,27,28,28,2020-04-13 14:31:30.777989,2020-04-13 14:31:34.093305,0:00:03.315316,1538,70,100,100
tcas,v12,27,44,44,2020-04-13 14:31:34.757556,2020-04-13 14:31:37.997399,0:00:03.239843,1538,70,100,100
tcas,v12,27,64,64,2020-04-13 14:31:38.662745,2020-04-13 14:31:42.053623,0:00:03.390878,1538,70,100,100
tcas,v12,27,56,56,2020-04-13 14:31:42.777849,2020-04-13 14:31:46.688123,0:00:03.910274,1538,70,100,100
tcas,v12,27,55,55,2020-04-13 14:31:47.514906,2020-04-13 14:31:52.669565,0:00:05.154659,1538,70,100,100
tcas,v12,27,46,46,2020-04-13 14:31:53.404887,2020-04-13 14:31:57.006082,0:00:03.601195,1538,70,100,100
tcas,v12,27,48,48,2020-04-13 14:31:57.668763,2020-04-13 14:32:01.120157,0:00:03.451394,1538,70,100,100
tcas,v15,27,40,40,2020-04-13 14:32:13.470181,2020-04-13 14:32:16.820456,0:00:03.350275,1598,10,100,100
tcas,v15,27,65,65,2020-04-13 14:32:17.480393,2020-04-13 14:32:20.756564,0:00:03.276171,1598,10,100,100
tcas,v15,27,35,35,2020-04-13 14:32:21.420841,2020-04-13 14:32:24.710858,0:00:03.290017,1598,10,100,100
tcas,v15,27,64,64,2020-04-13 14:32:25.364420,2020-04-13 14:32:28.697471,0:00:03.333051,1598,10,100,100
tcas,v15,27,60,60,2020-04-13 14:32:29.351595,2020-04-13 14:32:32.593563,0:00:03.241968,1598,10,100,100
tcas,v15,27,60,60,2020-04-13 14:32:33.251864,2020-04-13 14:32:36.531278,0:00:03.279414,1598,10,100,100
tcas,v15,27,42,42,2020-04-13 14:32:37.190293,2020-04-13 14:32:40.496428,0:00:03.306135,1598,10,100,100
tcas,v15,27,60,60,2020-04-13 14:32:41.151044,2020-04-13 14:32:44.414295,0:00:03.263251,1598,10,100,100
tcas,v15,27,42,42,2020-04-13 14:32:45.068899,2020-04-13 14:32:48.348734,0:00:03.279835,1598,10,100,100
tcas,v15,27,45,45,2020-04-13 14:32:49.011078,2020-04-13 14:32:52.328083,0:00:03.317005,1598,10,100,100
tcas,v16,1,61,61,2020-04-13 14:32:52.986358,2020-04-13 14:32:56.296752,0:00:03.310394,1538,70,100,100
tcas,v16,1,42,42,2020-04-13 14:32:56.960547,2020-04-13 14:33:00.280831,0:00:03.320284,1538,70,100,100
tcas,v16,1,60,60,2020-04-13 14:33:00.940739,2020-04-13 14:33:04.214959,0:00:03.274220,1538,70,100,100
tcas,v16,1,55,55,2020-04-13 14:33:04.870381,2020-04-13 14:33:08.291408,0:00:03.421027,1538,70,100,100
tcas,v16,1,57,57,2020-04-13 14:33:08.949838,2020-04-13 14:33:12.189503,0:00:03.239665,1538,70,100,100
tcas,v16,1,60,60,2020-04-13 14:33:12.842685,2020-04-13 14:33:16.042376,0:00:03.199691,1538,70,100,100
tcas,v16,1,44,44,2020-04-13 14:33:16.720304,2020-04-13 14:33:20.065724,0:00:03.345420,1538,70,100,100
tcas,v16,1,58,58,2020-04-13 14:33:20.726851,2020-04-13 14:33:23.975064,0:00:03.248213,1538,70,100,100
tcas,v16,1,41,41,2020-04-13 14:33:24.630562,2020-04-13 14:33:27.980912,0:00:03.350350,1538,70,100,100
tcas,v16,1,65,65,2020-04-13 14:33:28.643689,2020-04-13 14:33:32.011132,0:00:03.367443,1538,70,100,100
tcas,v17,2,27,27,2020-04-13 14:33:32.670304,2020-04-13 14:33:36.003441,0:00:03.333137,1573,35,100,100
tcas,v17,2,55,56,2020-04-13 14:33:36.661686,2020-04-13 14:33:40.004596,0:00:03.342910,1573,35,100,100
tcas,v17,2,53,53,2020-04-13 14:33:40.693616,2020-04-13 14:33:44.009259,0:00:03.315643,1573,35,100,100
tcas,v17,2,41,41,2020-04-13 14:33:44.668325,2020-04-13 14:33:47.955687,0:00:03.287362,1573,35,100,100
tcas,v17,2,65,65,2020-04-13 14:33:48.627927,2020-04-13 14:33:51.986184,0:00:03.358257,1573,35,100,100
tcas,v17,2,61,61,2020-04-13 14:33:52.650428,2020-04-13 14:33:55.890037,0:00:03.239609,1573,35,100,100
tcas,v17,2,62,62,2020-04-13 14:33:56.555219,2020-04-13 14:34:00.028110,0:00:03.472891,1573,35,100,100
tcas,v17,2,55,55,2020-04-13 14:34:00.693943,2020-04-13 14:34:04.055841,0:00:03.361898,1573,35,100,100
tcas,v17,2,46,46,2020-04-13 14:34:04.714285,2020-04-13 14:34:07.974455,0:00:03.260170,1573,35,100,100
tcas,v17,2,46,46,2020-04-13 14:34:08.643355,2020-04-13 14:34:11.860853,0:00:03.217498,1573,35,100,100
tcas,v18,3,54,54,2020-04-13 14:34:12.516179,2020-04-13 14:34:15.873105,0:00:03.356926,1579,29,100,100
tcas,v18,3,47,47,2020-04-13 14:34:16.530365,2020-04-13 14:34:19.941828,0:00:03.411463,1579,29,100,100
tcas,v18,3,53,55,2020-04-13 14:34:20.599299,2020-04-13 14:34:23.893506,0:00:03.294207,1579,29,100,100
tcas,v18,3,53,53,2020-04-13 14:34:24.554751,2020-04-13 14:34:27.917008,0:00:03.362257,1579,29,100,100
tcas,v18,3,57,57,2020-04-13 14:34:28.581492,2020-04-13 14:34:31.855851,0:00:03.274359,1579,29,100,100
tcas,v18,3,23,23,2020-04-13 14:34:32.517422,2020-04-13 14:34:35.781646,0:00:03.264224,1579,29,100,100
tcas,v18,3,58,58,2020-04-13 14:34:36.435228,2020-04-13 14:34:39.850537,0:00:03.415309,1579,29,100,100
tcas,v18,3,45,45,2020-04-13 14:34:40.509940,2020-04-13 14:34:43.787659,0:00:03.277719,1579,29,100,100
tcas,v18,3,31,31,2020-04-13 14:34:44.445410,2020-04-13 14:34:47.710010,0:00:03.264600,1579,29,100,100
tcas,v18,3,44,44,2020-04-13 14:34:48.368983,2020-04-13 14:34:51.719382,0:00:03.350399,1579,29,100,100
tcas,v19,4,61,61,2020-04-13 14:34:52.376388,2020-04-13 14:34:55.666288,0:00:03.289900,1589,19,100,100
tcas,v19,4,47,48,2020-04-13 14:34:56.320684,2020-04-13 14:34:59.740953,0:00:03.420269,1589,19,100,100
tcas,v19,4,35,35,2020-04-13 14:35:00.397708,2020-04-13 14:35:03.816440,0:00:03.418732,1589,19,100,100
tcas,v19,4,42,42,2020-04-13 14:35:04.474172,2020-04-13 14:35:07.798390,0:00:03.324218,1589,19,100,100
tcas,v19,4,45,45,2020-04-13 14:35:08.455561,2020-04-13 14:35:11.723902,0:00:03.268341,1589,19,100,100
tcas,v19,4,45,45,2020-04-13 14:35:12.374636,2020-04-13 14:35:15.687834,0:00:03.313198,1589,19,100,100
tcas,v19,4,62,62,2020-04-13 14:35:16.343940,2020-04-13 14:35:19.757838,0:00:03.413898,1589,19,100,100
tcas,v19,4,52,52,2020-04-13 14:35:20.412629,2020-04-13 14:35:23.653473,0:00:03.240844,1589,19,100,100
tcas,v19,4,62,62,2020-04-13 14:35:24.309389,2020-04-13 14:35:27.632742,0:00:03.323353,1589,19,100,100
tcas,v19,4,55,56,2020-04-13 14:35:28.290332,2020-04-13 14:35:31.608981,0:00:03.318649,1589,19,100,100
tcas,v20,11,30,30,2020-04-13 14:35:32.270668,2020-04-13 14:35:35.509767,0:00:03.239099,1590,18,100,100
tcas,v20,11,27,27,2020-04-13 14:35:36.172717,2020-04-13 14:35:39.554298,0:00:03.381581,1590,18,100,100
tcas,v20,11,42,42,2020-04-13 14:35:40.209190,2020-04-13 14:35:43.551681,0:00:03.342491,1590,18,100,100
tcas,v20,11,17,17,2020-04-13 14:35:44.206863,2020-04-13 14:35:47.606350,0:00:03.399487,1590,18,100,100
tcas,v20,11,51,51,2020-04-13 14:35:48.263425,2020-04-13 14:35:51.538790,0:00:03.275365,1590,18,100,100
tcas,v20,11,21,21,2020-04-13 14:35:52.193035,2020-04-13 14:35:55.472426,0:00:03.279391,1590,18,100,100
tcas,v20,11,24,24,2020-04-13 14:35:56.126273,2020-04-13 14:35:59.480559,0:00:03.354286,1590,18,100,100
tcas,v20,11,26,26,2020-04-13 14:36:00.149425,2020-04-13 14:36:03.533378,0:00:03.383953,1590,18,100,100
tcas,v20,11,25,25,2020-04-13 14:36:04.194344,2020-04-13 14:36:07.528557,0:00:03.334213,1590,18,100,100
tcas,v20,11,20,20,2020-04-13 14:36:08.182522,2020-04-13 14:36:11.462522,0:00:03.280000,1590,18,100,100
tcas,v21,11,39,39,2020-04-13 14:36:12.118670,2020-04-13 14:36:15.569559,0:00:03.450889,1592,16,100,100
tcas,v21,11,26,26,2020-04-13 14:36:16.226054,2020-04-13 14:36:19.634486,0:00:03.408432,1592,16,100,100
tcas,v21,11,9,9,2020-04-13 14:36:20.288535,2020-04-13 14:36:23.556209,0:00:03.267674,1592,16,100,100
tcas,v21,11,15,15,2020-04-13 14:36:24.213014,2020-04-13 14:36:27.534082,0:00:03.321068,1592,16,100,100
tcas,v21,11,51,51,2020-04-13 14:36:28.189296,2020-04-13 14:36:31.524740,0:00:03.335444,1592,16,100,100
tcas,v21,11,19,19,2020-04-13 14:36:32.177964,2020-04-13 14:36:35.419388,0:00:03.241424,1592,16,100,100
tcas,v21,11,20,20,2020-04-13 14:36:36.076579,2020-04-13 14:36:39.449846,0:00:03.373267,1592,16,100,100
tcas,v21,11,7,7,2020-04-13 14:36:40.106165,2020-04-13 14:36:43.422425,0:00:03.316260,1592,16,100,100
tcas,v21,11,19,19,2020-04-13 14:36:44.079259,2020-04-13 14:36:47.369473,0:00:03.290214,1592,16,100,100
tcas,v21,11,29,29,2020-04-13 14:36:48.028559,2020-04-13 14:36:55.836788,0:00:07.808229,1592,16,100,100
tcas,v22,11,45,45,2020-04-13 14:36:56.520707,2020-04-13 14:37:00.011836,0:00:03.491129,1597,11,100,100
tcas,v22,11,22,22,2020-04-13 14:37:00.692245,2020-04-13 14:37:04.131206,0:00:03.438961,1597,11,100,100
tcas,v22,11,18,18,2020-04-13 14:37:04.805974,2020-04-13 14:37:08.255986,0:00:03.450012,1597,11,100,100
tcas,v22,11,32,32,2020-04-13 14:37:08.939351,2020-04-13 14:37:12.386814,0:00:03.447463,1597,11,100,100
tcas,v22,11,6,6,2020-04-13 14:37:13.062506,2020-04-13 14:37:16.511968,0:00:03.449462,1597,11,100,100
tcas,v22,11,27,27,2020-04-13 14:37:17.191302,2020-04-13 14:37:20.677895,0:00:03.486593,1597,11,100,100
tcas,v22,11,31,31,2020-04-13 14:37:21.326252,2020-04-13 14:37:24.733823,0:00:03.407571,1597,11,100,100
tcas,v22,11,7,7,2020-04-13 14:37:25.415078,2020-04-13 14:37:28.813012,0:00:03.397934,1597,11,100,100
tcas,v22,11,14,14,2020-04-13 14:37:29.491838,2020-04-13 14:37:32.909619,0:00:03.417781,1597,11,100,100
tcas,v22,11,35,35,2020-04-13 14:37:33.590645,2020-04-13 14:37:37.018257,0:00:03.427612,1597,11,100,100
tcas,v23,17,21,21,2020-04-13 14:37:37.703970,2020-04-13 14:37:41.197388,0:00:03.493418,1567,41,100,100
tcas,v23,17,21,21,2020-04-13 14:37:41.874044,2020-04-13 14:37:45.356522,0:00:03.482478,1567,41,100,100
tcas,v23,17,10,10,2020-04-13 14:37:46.036409,2020-04-13 14:37:49.448548,0:00:03.412139,1567,41,100,100
tcas,v23,17,14,14,2020-04-13 14:37:50.125607,2020-04-13 14:37:53.562926,0:00:03.437319,1567,41,100,100
tcas,v23,17,10,10,2020-04-13 14:37:54.240420,2020-04-13 14:37:57.663140,0:00:03.422720,1567,41,100,100
tcas,v23,17,40,40,2020-04-13 14:37:58.345141,2020-04-13 14:38:01.864362,0:00:03.519221,1567,41,100,100
tcas,v23,17,31,31,2020-04-13 14:38:02.542375,2020-04-13 14:38:05.963966,0:00:03.421591,1567,41,100,100
tcas,v23,17,19,19,2020-04-13 14:38:06.643335,2020-04-13 14:38:10.036754,0:00:03.393419,1567,41,100,100
tcas,v23,17,24,24,2020-04-13 14:38:10.722754,2020-04-13 14:38:14.141192,0:00:03.418438,1567,41,100,100
tcas,v23,17,6,6,2020-04-13 14:38:14.821591,2020-04-13 14:38:18.252243,0:00:03.430652,1567,41,100,100
tcas,v24,17,34,34,2020-04-13 14:38:18.929365,2020-04-13 14:38:22.447559,0:00:03.518194,1601,7,100,100
tcas,v24,17,23,23,2020-04-13 14:38:23.127469,2020-04-13 14:38:26.559458,0:00:03.431989,1601,7,100,100
tcas,v24,17,20,20,2020-04-13 14:38:27.237419,2020-04-13 14:38:30.634156,0:00:03.396737,1601,7,100,100
tcas,v24,17,9,9,2020-04-13 14:38:31.311337,2020-04-13 14:38:34.765024,0:00:03.453687,1601,7,100,100
tcas,v24,17,39,39,2020-04-13 14:38:35.444440,2020-04-13 14:38:38.858724,0:00:03.414284,1601,7,100,100
tcas,v24,17,17,17,2020-04-13 14:38:39.534758,2020-04-13 14:38:43.014710,0:00:03.479952,1601,7,100,100
tcas,v24,17,21,21,2020-04-13 14:38:43.696461,2020-04-13 14:38:47.047711,0:00:03.351250,1601,7,100,100
tcas,v24,17,20,20,2020-04-13 14:38:47.728224,2020-04-13 14:38:51.200117,0:00:03.471893,1601,7,100,100
tcas,v24,17,15,15,2020-04-13 14:38:51.878654,2020-04-13 14:38:55.286969,0:00:03.408315,1601,7,100,100
tcas,v24,17,30,30,2020-04-13 14:38:55.967063,2020-04-13 14:38:59.482844,0:00:03.515781,1601,7,100,100
tcas,v25,20,7,7,2020-04-13 14:39:00.164695,2020-04-13 14:39:03.642054,0:00:03.477359,1605,3,100,100
tcas,v25,20,11,11,2020-04-13 14:39:04.319275,2020-04-13 14:39:07.707718,0:00:03.388443,1605,3,100,100
tcas,v25,20,14,14,2020-04-13 14:39:08.389624,2020-04-13 14:39:11.815670,0:00:03.426046,1605,3,100,100
tcas,v25,20,3,3,2020-04-13 14:39:12.503493,2020-04-13 14:39:15.956952,0:00:03.453459,1605,3,100,100
tcas,v25,20,26,26,2020-04-13 14:39:16.634583,2020-04-13 14:39:20.116924,0:00:03.482341,1605,3,100,100
tcas,v25,20,46,47,2020-04-13 14:39:20.802940,2020-04-13 14:39:24.269656,0:00:03.466716,1605,3,100,100
tcas,v25,20,22,22,2020-04-13 14:39:24.948671,2020-04-13 14:39:28.367295,0:00:03.418624,1605,3,100,100
tcas,v25,20,4,4,2020-04-13 14:39:29.041961,2020-04-13 14:39:32.593001,0:00:03.551040,1605,3,100,100
tcas,v25,20,25,25,2020-04-13 14:39:33.271391,2020-04-13 14:39:36.699882,0:00:03.428491,1605,3,100,100
tcas,v25,20,11,11,2020-04-13 14:39:37.379396,2020-04-13 14:39:40.833977,0:00:03.454581,1605,3,100,100
tcas,v26,27,42,42,2020-04-13 14:39:41.509945,2020-04-13 14:39:44.948936,0:00:03.438991,1597,11,100,100
tcas,v26,27,46,46,2020-04-13 14:39:45.624948,2020-04-13 14:39:48.988890,0:00:03.363942,1597,11,100,100
tcas,v26,27,47,47,2020-04-13 14:39:49.664128,2020-04-13 14:39:53.068621,0:00:03.404493,1597,11,100,100
tcas,v26,27,49,49,2020-04-13 14:39:53.748840,2020-04-13 14:39:57.316705,0:00:03.567865,1597,11,100,100
tcas,v26,27,26,26,2020-04-13 14:39:57.993922,2020-04-13 14:40:01.570625,0:00:03.576703,1597,11,100,100
tcas,v26,27,45,45,2020-04-13 14:40:02.248882,2020-04-13 14:40:05.711029,0:00:03.462147,1597,11,100,100
tcas,v26,27,55,55,2020-04-13 14:40:06.387046,2020-04-13 14:40:09.804807,0:00:03.417761,1597,11,100,100
tcas,v26,27,55,55,2020-04-13 14:40:10.490750,2020-04-13 14:40:13.893226,0:00:03.402476,1597,11,100,100
tcas,v26,27,32,32,2020-04-13 14:40:14.578314,2020-04-13 14:40:17.870446,0:00:03.292132,1597,11,100,100
tcas,v26,27,54,54,2020-04-13 14:40:18.543539,2020-04-13 14:40:22.007291,0:00:03.463752,1597,11,100,100
tcas,v27,27,54,54,2020-04-13 14:40:22.686982,2020-04-13 14:40:26.037642,0:00:03.350660,1598,10,100,100
tcas,v27,27,1,0,2020-04-13 14:40:26.723050,2020-04-13 14:40:30.209255,0:00:03.486205,1598,10,100,100
tcas,v27,27,61,61,2020-04-13 14:40:30.888223,2020-04-13 14:40:34.325619,0:00:03.437396,1598,10,100,100
tcas,v27,27,47,47,2020-04-13 14:40:35.005555,2020-04-13 14:40:38.422102,0:00:03.416547,1598,10,100,100
tcas,v27,27,61,61,2020-04-13 14:40:39.096489,2020-04-13 14:40:42.510504,0:00:03.414015,1598,10,100,100
tcas,v27,27,63,63,2020-04-13 14:40:43.189402,2020-04-13 14:40:46.561336,0:00:03.371934,1598,10,100,100
tcas,v27,27,46,46,2020-04-13 14:40:47.242804,2020-04-13 14:40:50.777087,0:00:03.534283,1598,10,100,100
tcas,v27,27,28,28,2020-04-13 14:40:51.454657,2020-04-13 14:40:54.880469,0:00:03.425812,1598,10,100,100
tcas,v27,27,17,17,2020-04-13 14:40:55.560747,2020-04-13 14:40:58.986582,0:00:03.425835,1598,10,100,100
tcas,v27,27,22,22,2020-04-13 14:40:59.666062,2020-04-13 14:41:03.189204,0:00:03.523142,1598,10,100,100
tcas,v28,9,16,16,2020-04-13 14:41:03.865423,2020-04-13 14:41:07.418009,0:00:03.552586,1533,75,100,100
tcas,v28,9,13,13,2020-04-13 14:41:08.098964,2020-04-13 14:41:11.579834,0:00:03.480870,1533,75,100,100
tcas,v28,9,12,12,2020-04-13 14:41:12.255820,2020-04-13 14:41:15.672558,0:00:03.416738,1533,75,100,100
tcas,v28,9,21,21,2020-04-13 14:41:16.359316,2020-04-13 14:41:19.773069,0:00:03.413753,1533,75,100,100
tcas,v28,9,16,16,2020-04-13 14:41:20.515242,2020-04-13 14:41:24.105244,0:00:03.590002,1533,75,100,100
tcas,v28,9,33,33,2020-04-13 14:41:24.781770,2020-04-13 14:41:28.195540,0:00:03.413770,1533,75,100,100
tcas,v28,9,20,20,2020-04-13 14:41:28.874427,2020-04-13 14:41:32.293569,0:00:03.419142,1533,75,100,100
tcas,v28,9,23,23,2020-04-13 14:41:32.968852,2020-04-13 14:41:36.367634,0:00:03.398782,1533,75,100,100
tcas,v28,9,4,4,2020-04-13 14:41:37.046883,2020-04-13 14:41:40.469850,0:00:03.422967,1533,75,100,100
tcas,v28,9,19,19,2020-04-13 14:41:41.149845,2020-04-13 14:41:44.517436,0:00:03.367591,1533,75,100,100
tcas,v29,9,44,44,2020-04-13 14:41:45.194393,2020-04-13 14:41:48.670831,0:00:03.476438,1590,18,100,100
tcas,v29,9,36,36,2020-04-13 14:41:49.347168,2020-04-13 14:41:52.834588,0:00:03.487420,1590,18,100,100
tcas,v29,9,25,25,2020-04-13 14:41:53.517903,2020-04-13 14:41:56.965478,0:00:03.447575,1590,18,100,100
tcas,v29,9,18,18,2020-04-13 14:41:57.643017,2020-04-13 14:42:01.010522,0:00:03.367505,1590,18,100,100
tcas,v29,9,26,26,2020-04-13 14:42:01.684452,2020-04-13 14:42:05.120666,0:00:03.436214,1590,18,100,100
tcas,v29,9,31,31,2020-04-13 14:42:05.795665,2020-04-13 14:42:09.272790,0:00:03.477125,1590,18,100,100
tcas,v29,9,4,4,2020-04-13 14:42:09.950232,2020-04-13 14:42:13.342577,0:00:03.392345,1590,18,100,100
tcas,v29,9,26,26,2020-04-13 14:42:14.023947,2020-04-13 14:42:17.443776,0:00:03.419829,1590,18,100,100
tcas,v29,9,36,36,2020-04-13 14:42:18.121226,2020-04-13 14:42:21.504723,0:00:03.383497,1590,18,100,100
tcas,v29,9,41,41,2020-04-13 14:42:22.184442,2020-04-13 14:42:25.672881,0:00:03.488439,1590,18,100,100
tcas,v30,9,10,10,2020-04-13 14:42:26.345439,2020-04-13 14:42:29.867607,0:00:03.522168,1551,57,100,100
tcas,v30,9,23,23,2020-04-13 14:42:30.543844,2020-04-13 14:42:34.002218,0:00:03.458374,1551,57,100,100
tcas,v30,9,6,6,2020-04-13 14:42:34.677702,2020-04-13 14:42:38.155925,0:00:03.478223,1551,57,100,100
tcas,v30,9,14,14,2020-04-13 14:42:38.832263,2020-04-13 14:42:42.269280,0:00:03.437017,1551,57,100,100
tcas,v30,9,30,30,2020-04-13 14:42:42.954461,2020-04-13 14:42:46.377360,0:00:03.422899,1551,57,100,100
tcas,v30,9,29,29,2020-04-13 14:42:47.052252,2020-04-13 14:42:50.502707,0:00:03.450455,1551,57,100,100
tcas,v30,9,25,25,2020-04-13 14:42:51.172916,2020-04-13 14:42:54.533888,0:00:03.360972,1551,57,100,100
tcas,v30,9,32,32,2020-04-13 14:42:55.209019,2020-04-13 14:42:58.676264,0:00:03.467245,1551,57,100,100
tcas,v30,9,18,18,2020-04-13 14:42:59.353420,2020-04-13 14:43:02.726053,0:00:03.372633,1551,57,100,100
tcas,v30,9,11,11,2020-04-13 14:43:03.404331,2020-04-13 14:43:06.865097,0:00:03.460766,1551,57,100,100
tcas,v31,14,9,9,2020-04-13 14:43:07.542702,2020-04-13 14:43:11.098205,0:00:03.555503,1594,14,100,100
tcas,v31,14,44,44,2020-04-13 14:43:11.774178,2020-04-13 14:43:15.287004,0:00:03.512826,1594,14,100,100
tcas,v31,14,16,16,2020-04-13 14:43:15.962541,2020-04-13 14:43:19.358529,0:00:03.395988,1594,14,100,100
tcas,v31,14,20,20,2020-04-13 14:43:20.035493,2020-04-13 14:43:23.444556,0:00:03.409063,1594,14,100,100
tcas,v31,14,13,13,2020-04-13 14:43:24.125455,2020-04-13 14:43:27.576497,0:00:03.451042,1594,14,100,100
tcas,v31,14,9,9,2020-04-13 14:43:28.251680,2020-04-13 14:43:31.705018,0:00:03.453338,1594,14,100,100
tcas,v31,14,11,11,2020-04-13 14:43:32.386917,2020-04-13 14:43:35.967423,0:00:03.580506,1594,14,100,100
tcas,v31,14,27,27,2020-04-13 14:43:36.641228,2020-04-13 14:43:40.067707,0:00:03.426479,1594,14,100,100
tcas,v31,14,29,29,2020-04-13 14:43:40.743924,2020-04-13 14:43:44.181354,0:00:03.437430,1594,14,100,100
tcas,v31,14,10,10,2020-04-13 14:43:44.854098,2020-04-13 14:43:48.327994,0:00:03.473896,1594,14,100,100
tcas,v31_1,15,28,28,2020-04-13 14:43:49.007853,2020-04-13 14:43:52.456209,0:00:03.448356,1469,139,100,100
tcas,v31_1,15,13,13,2020-04-13 14:43:53.132389,2020-04-13 14:43:56.636836,0:00:03.504447,1469,139,100,100
tcas,v31_1,15,3,3,2020-04-13 14:43:57.310421,2020-04-13 14:44:00.727436,0:00:03.417015,1469,139,100,100
tcas,v31_1,15,5,5,2020-04-13 14:44:01.406414,2020-04-13 14:44:04.858204,0:00:03.451790,1469,139,100,100
tcas,v31_1,15,6,6,2020-04-13 14:44:05.532514,2020-04-13 14:44:08.964662,0:00:03.432148,1469,139,100,100
tcas,v31_1,15,15,15,2020-04-13 14:44:09.644223,2020-04-13 14:44:13.156135,0:00:03.511912,1469,139,100,100
tcas,v31_1,15,16,16,2020-04-13 14:44:13.834930,2020-04-13 14:44:17.247406,0:00:03.412476,1469,139,100,100
tcas,v31_1,15,11,11,2020-04-13 14:44:17.919767,2020-04-13 14:44:21.356513,0:00:03.436746,1469,139,100,100
tcas,v31_1,15,29,29,2020-04-13 14:44:22.030455,2020-04-13 14:44:25.467527,0:00:03.437072,1469,139,100,100
tcas,v31_1,15,25,25,2020-04-13 14:44:26.143569,2020-04-13 14:44:29.565105,0:00:03.421536,1469,139,100,100
tcas,v31_2,16,11,11,2020-04-13 14:44:30.244747,2020-04-13 14:44:34.000980,0:00:03.756233,1449,159,100,100
tcas,v31_2,16,40,40,2020-04-13 14:44:34.681697,2020-04-13 14:44:38.088767,0:00:03.407070,1449,159,100,100
tcas,v31_2,16,19,19,2020-04-13 14:44:38.770373,2020-04-13 14:44:42.153989,0:00:03.383616,1449,159,100,100
tcas,v31_2,16,12,12,2020-04-13 14:44:42.830336,2020-04-13 14:44:46.179391,0:00:03.349055,1449,159,100,100
tcas,v31_2,16,6,6,2020-04-13 14:44:46.853719,2020-04-13 14:44:50.238136,0:00:03.384417,1449,159,100,100
tcas,v31_2,16,29,29,2020-04-13 14:44:50.919880,2020-04-13 14:44:54.318510,0:00:03.398630,1449,159,100,100
tcas,v31_2,16,4,4,2020-04-13 14:44:54.995717,2020-04-13 14:44:58.430383,0:00:03.434666,1449,159,100,100
tcas,v31_2,16,11,11,2020-04-13 14:44:59.112582,2020-04-13 14:45:02.572543,0:00:03.459961,1449,159,100,100
tcas,v31_2,16,10,10,2020-04-13 14:45:03.248272,2020-04-13 14:45:06.682017,0:00:03.433745,1449,159,100,100
tcas,v31_2,16,24,24,2020-04-13 14:45:07.356848,2020-04-13 14:45:10.816137,0:00:03.459289,1449,159,100,100
tcas,v32,20,18,18,2020-04-13 14:45:11.502532,2020-04-13 14:45:15.056178,0:00:03.553646,1606,2,100,100
tcas,v32,20,9,9,2020-04-13 14:45:15.736205,2020-04-13 14:45:19.247102,0:00:03.510897,1606,2,100,100
tcas,v32,20,48,48,2020-04-13 14:45:19.898190,2020-04-13 14:45:23.373437,0:00:03.475247,1606,2,100,100
tcas,v32,20,11,11,2020-04-13 14:45:24.051192,2020-04-13 14:45:27.484384,0:00:03.433192,1606,2,100,100
tcas,v32,20,3,3,2020-04-13 14:45:28.166979,2020-04-13 14:45:31.608037,0:00:03.441058,1606,2,100,100
tcas,v32,20,51,51,2020-04-13 14:45:32.290831,2020-04-13 14:45:35.704955,0:00:03.414124,1606,2,100,100
tcas,v32,20,18,18,2020-04-13 14:45:36.392923,2020-04-13 14:45:39.859624,0:00:03.466701,1606,2,100,100
tcas,v32,20,22,22,2020-04-13 14:45:40.530470,2020-04-13 14:45:44.054577,0:00:03.524107,1606,2,100,100
tcas,v32,20,4,4,2020-04-13 14:45:44.736315,2020-04-13 14:45:48.164070,0:00:03.427755,1606,2,100,100
tcas,v32,20,22,22,2020-04-13 14:45:48.848723,2020-04-13 14:45:52.469934,0:00:03.621211,1606,2,100,100
tcas,v32_1,34,18,18,2020-04-13 14:45:53.148457,2020-04-13 14:45:56.626710,0:00:03.478253,1270,338,100,100
tcas,v32_1,34,7,7,2020-04-13 14:45:57.302590,2020-04-13 14:46:00.842455,0:00:03.539865,1270,338,100,100
tcas,v32_1,34,13,13,2020-04-13 14:46:01.518693,2020-04-13 14:46:04.929006,0:00:03.410313,1270,338,100,100
tcas,v32_1,34,22,22,2020-04-13 14:46:05.609190,2020-04-13 14:46:09.139537,0:00:03.530347,1270,338,100,100
tcas,v32_1,34,30,30,2020-04-13 14:46:09.821119,2020-04-13 14:46:13.249668,0:00:03.428549,1270,338,100,100
tcas,v32_1,34,21,21,2020-04-13 14:46:13.926830,2020-04-13 14:46:17.375036,0:00:03.448206,1270,338,100,100
tcas,v32_1,34,11,11,2020-04-13 14:46:18.053203,2020-04-13 14:46:21.368313,0:00:03.315110,1270,338,100,100
tcas,v32_1,34,14,14,2020-04-13 14:46:22.045306,2020-04-13 14:46:25.474386,0:00:03.429080,1270,338,100,100
tcas,v32_1,34,2,2,2020-04-13 14:46:26.147605,2020-04-13 14:46:29.583001,0:00:03.435396,1270,338,100,100
tcas,v32_1,34,20,20,2020-04-13 14:46:30.259741,2020-04-13 14:46:33.635134,0:00:03.375393,1270,338,100,100
tcas,v33,1,46,47,2020-04-13 14:46:34.310281,2020-04-13 14:46:37.802459,0:00:03.492178,1519,89,100,100
tcas,v33,1,47,47,2020-04-13 14:46:38.485196,2020-04-13 14:46:41.880750,0:00:03.395554,1519,89,100,100
tcas,v33,1,56,56,2020-04-13 14:46:42.557702,2020-04-13 14:46:45.940141,0:00:03.382439,1519,89,100,100
tcas,v33,1,1,0,2020-04-13 14:46:46.621637,2020-04-13 14:46:50.066503,0:00:03.444866,1519,89,100,100
tcas,v33,1,64,65,2020-04-13 14:46:50.755512,2020-04-13 14:46:54.143997,0:00:03.388485,1519,89,100,100
tcas,v33,1,65,65,2020-04-13 14:46:54.822081,2020-04-13 14:46:58.286316,0:00:03.464235,1519,89,100,100
tcas,v33,1,56,60,2020-04-13 14:46:58.965972,2020-04-13 14:47:02.319647,0:00:03.353675,1519,89,100,100
tcas,v33,1,56,56,2020-04-13 14:47:02.998386,2020-04-13 14:47:06.419360,0:00:03.420974,1519,89,100,100
tcas,v33,1,62,62,2020-04-13 14:47:07.099017,2020-04-13 14:47:10.589830,0:00:03.490813,1519,89,100,100
tcas,v33,1,51,51,2020-04-13 14:47:11.269920,2020-04-13 14:47:14.664449,0:00:03.394529,1519,89,100,100
tcas,v34,31,56,56,2020-04-13 14:47:15.343688,2020-04-13 14:47:18.812998,0:00:03.469310,1531,77,100,100
tcas,v34,31,57,57,2020-04-13 14:47:19.493299,2020-04-13 14:47:22.916893,0:00:03.423594,1531,77,100,100
tcas,v34,31,59,59,2020-04-13 14:47:23.599886,2020-04-13 14:47:27.037538,0:00:03.437652,1531,77,100,100
tcas,v34,31,28,28,2020-04-13 14:47:27.713578,2020-04-13 14:47:31.102594,0:00:03.389016,1531,77,100,100
tcas,v34,31,61,61,2020-04-13 14:47:31.781936,2020-04-13 14:47:35.232508,0:00:03.450572,1531,77,100,100
tcas,v34,31,23,23,2020-04-13 14:47:35.908636,2020-04-13 14:47:39.385990,0:00:03.477354,1531,77,100,100
tcas,v34,31,37,37,2020-04-13 14:47:40.068370,2020-04-13 14:47:43.623973,0:00:03.555603,1531,77,100,100
tcas,v34,31,65,65,2020-04-13 14:47:44.299986,2020-04-13 14:47:47.703710,0:00:03.403724,1531,77,100,100
tcas,v34,31,61,61,2020-04-13 14:47:48.390206,2020-04-13 14:47:51.784771,0:00:03.394565,1531,77,100,100
tcas,v34,31,58,58,2020-04-13 14:47:52.464560,2020-04-13 14:47:55.922018,0:00:03.457458,1531,77,100,100
tcas,v35,9,3,3,2020-04-13 14:47:56.608770,2020-04-13 14:48:00.059413,0:00:03.450643,1533,75,100,100
tcas,v35,9,24,24,2020-04-13 14:48:00.742193,2020-04-13 14:48:04.136446,0:00:03.394253,1533,75,100,100
tcas,v35,9,19,19,2020-04-13 14:48:04.807699,2020-04-13 14:48:08.225878,0:00:03.418179,1533,75,100,100
tcas,v35,9,14,14,2020-04-13 14:48:08.901217,2020-04-13 14:48:12.438219,0:00:03.537002,1533,75,100,100
tcas,v35,9,18,18,2020-04-13 14:48:13.111859,2020-04-13 14:48:16.534109,0:00:03.422250,1533,75,100,100
tcas,v35,9,22,22,2020-04-13 14:48:17.209557,2020-04-13 14:48:20.650024,0:00:03.440467,1533,75,100,100
tcas,v35,9,24,24,2020-04-13 14:48:21.327109,2020-04-13 14:48:25.487718,0:00:04.160609,1533,75,100,100
tcas,v35,9,23,23,2020-04-13 14:48:26.242591,2020-04-13 14:48:30.157738,0:00:03.915147,1533,75,100,100
tcas,v35,9,26,26,2020-04-13 14:48:30.908354,2020-04-13 14:48:34.682634,0:00:03.774280,1533,75,100,100
tcas,v35,9,15,15,2020-04-13 14:48:35.367914,2020-04-13 14:48:38.777565,0:00:03.409651,1533,75,100,100
tcas,v37,7,5,5,2020-04-13 14:48:39.523548,2020-04-13 14:48:43.156392,0:00:03.632844,1514,94,100,100
tcas,v37,7,12,12,2020-04-13 14:48:43.833238,2020-04-13 14:48:47.284851,0:00:03.451613,1514,94,100,100
tcas,v37,7,1,1,2020-04-13 14:48:47.971560,2020-04-13 14:48:51.448552,0:00:03.476992,1514,94,100,100
tcas,v37,7,3,3,2020-04-13 14:48:52.159872,2020-04-13 14:48:55.639756,0:00:03.479884,1514,94,100,100
tcas,v37,7,4,4,2020-04-13 14:48:56.328245,2020-04-13 14:48:59.907167,0:00:03.578922,1514,94,100,100
tcas,v37,7,3,3,2020-04-13 14:49:00.591954,2020-04-13 14:49:05.038433,0:00:04.446479,1514,94,100,100
tcas,v37,7,6,6,2020-04-13 14:49:06.220727,2020-04-13 14:49:12.463005,0:00:06.242278,1514,94,100,100
tcas,v37,7,2,2,2020-04-13 14:49:13.340373,2020-04-13 14:49:18.220783,0:00:04.880410,1514,94,100,100
tcas,v37,7,1,1,2020-04-13 14:49:19.089041,2020-04-13 14:49:23.992656,0:00:04.903615,1514,94,100,100
tcas,v37,7,2,2,2020-04-13 14:49:24.847966,2020-04-13 14:49:29.747178,0:00:04.899212,1514,94,100,100
tcas,v39,20,13,13,2020-04-13 14:49:30.593259,2020-04-13 14:49:35.503639,0:00:04.910380,1605,3,100,100
tcas,v39,20,37,37,2020-04-13 14:49:36.455940,2020-04-13 14:49:41.843363,0:00:05.387423,1605,3,100,100
tcas,v39,20,9,9,2020-04-13 14:49:42.700264,2020-04-13 14:49:48.723303,0:00:06.023039,1605,3,100,100
tcas,v39,20,21,21,2020-04-13 14:49:49.903149,2020-04-13 14:49:55.815032,0:00:05.911883,1605,3,100,100
tcas,v39,20,53,53,2020-04-13 14:49:56.669002,2020-04-13 14:50:02.548108,0:00:05.879106,1605,3,100,100
tcas,v39,20,17,17,2020-04-13 14:50:03.368835,2020-04-13 14:50:08.114634,0:00:04.745799,1605,3,100,100
tcas,v39,20,27,27,2020-04-13 14:50:08.967081,2020-04-13 14:50:14.563589,0:00:05.596508,1605,3,100,100
tcas,v39,20,45,45,2020-04-13 14:50:15.590391,2020-04-13 14:50:21.803622,0:00:06.213231,1605,3,100,100
tcas,v39,20,16,16,2020-04-13 14:50:22.897866,2020-04-13 14:50:27.585209,0:00:04.687343,1605,3,100,100
tcas,v39,20,23,23,2020-04-13 14:50:28.871664,2020-04-13 14:50:37.171919,0:00:08.300255,1605,3,100,100
tcas,v40,13,41,41,2020-04-13 14:50:38.515033,2020-04-13 14:50:47.239465,0:00:08.724432,1483,125,100,100
tcas,v40,13,42,42,2020-04-13 14:50:48.563631,2020-04-13 14:50:57.389071,0:00:08.825440,1483,125,100,100
tcas,v40,13,33,33,2020-04-13 14:50:58.710937,2020-04-13 14:51:07.506958,0:00:08.796021,1483,125,100,100
tcas,v40,13,41,41,2020-04-13 14:51:08.809088,2020-04-13 14:51:18.095994,0:00:09.286906,1483,125,100,100
tcas,v40,13,62,62,2020-04-13 14:51:19.467786,2020-04-13 14:51:28.794131,0:00:09.326345,1483,125,100,100
tcas,v40,13,30,30,2020-04-13 14:51:30.255378,2020-04-13 14:51:35.577267,0:00:05.321889,1483,125,100,100
tcas,v40,13,28,28,2020-04-13 14:51:36.271340,2020-04-13 14:51:42.273570,0:00:06.002230,1483,125,100,100
tcas,v40,13,9,9,2020-04-13 14:51:43.459585,2020-04-13 14:51:50.049920,0:00:06.590335,1483,125,100,100
tcas,v40,13,54,54,2020-04-13 14:51:51.341353,2020-04-13 14:51:58.418833,0:00:07.077480,1483,125,100,100
tcas,v40,13,43,43,2020-04-13 14:51:59.122250,2020-04-13 14:52:02.557206,0:00:03.434956,1483,125,100,100
tcas,v40_1,14,35,35,2020-04-13 14:52:03.241352,2020-04-13 14:52:06.632789,0:00:03.391437,1608,0,100,100
tcas,v40_1,14,35,35,2020-04-13 14:52:07.315145,2020-04-13 14:52:11.130457,0:00:03.815312,1608,0,100,100
tcas,v40_1,14,21,21,2020-04-13 14:52:12.322114,2020-04-13 14:52:20.008297,0:00:07.686183,1608,0,100,100
tcas,v40_1,14,12,12,2020-04-13 14:52:21.156045,2020-04-13 14:52:28.903569,0:00:07.747524,1608,0,100,100
tcas,v40_1,14,11,11,2020-04-13 14:52:30.226484,2020-04-13 14:52:40.070970,0:00:09.844486,1608,0,100,100
tcas,v40_1,14,7,7,2020-04-13 14:52:41.392834,2020-04-13 14:52:50.027024,0:00:08.634190,1608,0,100,100
tcas,v40_1,14,25,25,2020-04-13 14:52:51.344486,2020-04-13 14:52:56.620643,0:00:05.276157,1608,0,100,100
tcas,v40_1,14,23,23,2020-04-13 14:52:57.369970,2020-04-13 14:53:01.440311,0:00:04.070341,1608,0,100,100
tcas,v40_1,14,21,21,2020-04-13 14:53:02.187910,2020-04-13 14:53:06.139854,0:00:03.951944,1608,0,100,100
tcas,v40_1,14,48,48,2020-04-13 14:53:06.882326,2020-04-13 14:53:11.739923,0:00:04.857597,1608,0,100,100
tcas,v40_2,33,23,23,2020-04-13 14:53:12.993916,2020-04-13 14:53:20.265840,0:00:07.271924,1324,284,100,100
tcas,v40_2,33,2,2,2020-04-13 14:53:20.960848,2020-04-13 14:53:24.412994,0:00:03.452146,1324,284,100,100
tcas,v40_2,33,21,21,2020-04-13 14:53:25.099115,2020-04-13 14:53:28.540388,0:00:03.441273,1324,284,100,100
tcas,v40_2,33,10,10,2020-04-13 14:53:29.214821,2020-04-13 14:53:32.675863,0:00:03.461042,1324,284,100,100
tcas,v40_2,33,11,11,2020-04-13 14:53:33.375981,2020-04-13 14:53:36.795732,0:00:03.419751,1324,284,100,100
tcas,v40_2,33,24,24,2020-04-13 14:53:37.485572,2020-04-13 14:53:46.643978,0:00:09.158406,1324,284,100,100
tcas,v40_2,33,18,18,2020-04-13 14:53:48.136063,2020-04-13 14:53:54.097370,0:00:05.961307,1324,284,100,100
tcas,v40_2,33,8,8,2020-04-13 14:53:54.801089,2020-04-13 14:54:00.055686,0:00:05.254597,1324,284,100,100
tcas,v40_2,33,10,10,2020-04-13 14:54:00.950537,2020-04-13 14:54:05.767129,0:00:04.816592,1324,284,100,100
tcas,v40_2,33,12,12,2020-04-13 14:54:06.684070,2020-04-13 14:54:11.892537,0:00:05.208467,1324,284,100,100
tcas,v41,14,19,19,2020-04-13 14:54:12.643725,2020-04-13 14:54:17.831152,0:00:05.187427,1584,24,100,100
tcas,v41,14,2,2,2020-04-13 14:54:18.734262,2020-04-13 14:54:23.012674,0:00:04.278412,1584,24,100,100
tcas,v41,14,6,6,2020-04-13 14:54:23.997855,2020-04-13 14:54:28.852961,0:00:04.855106,1584,24,100,100
tcas,v41,14,27,27,2020-04-13 14:54:29.729978,2020-04-13 14:54:34.494835,0:00:04.764857,1584,24,100,100
tcas,v41,14,29,29,2020-04-13 14:54:35.344712,2020-04-13 14:54:40.174371,0:00:04.829659,1584,24,100,100
tcas,v41,14,7,7,2020-04-13 14:54:41.023488,2020-04-13 14:54:45.935977,0:00:04.912489,1584,24,100,100
tcas,v41,14,5,5,2020-04-13 14:54:46.907931,2020-04-13 14:54:51.908416,0:00:05.000485,1584,24,100,100
tcas,v41,14,2,2,2020-04-13 14:54:52.664114,2020-04-13 14:54:57.771070,0:00:05.106956,1584,24,100,100
tcas,v41,14,12,12,2020-04-13 14:54:58.659651,2020-04-13 14:55:07.127730,0:00:08.468079,1584,24,100,100
tcas,v41,14,6,6,2020-04-13 14:55:08.572361,2020-04-13 14:55:15.987320,0:00:07.414959,1584,24,100,100
